<?xml version="1.0" encoding="utf-8" ?><dwsync><file name="glyphicons-halflings-regular.eot" server="m49.siteground.biz//public_html/skipodz/" local="3500763674" remote="318763443894605952" Dst="-1" /><file name="glyphicons-halflings-regular.svg" server="m49.siteground.biz//public_html/skipodz/" local="3500763674" remote="318763443894605952" Dst="-1" /><file name="glyphicons-halflings-regular.ttf" server="m49.siteground.biz//public_html/skipodz/" local="3500763674" remote="318763443894605952" Dst="-1" /><file name="glyphicons-halflings-regular.woff" server="m49.siteground.biz//public_html/skipodz/" local="3500763674" remote="318763443894605952" Dst="-1" /><file name=".DS_Store" server="m49.siteground.biz//public_html/skipodz/" local="3501729489" remote="318763443894686532" Dst="-1" /><file name=".DS_Store" server="m49.siteground.biz//" local="3501729489" remote="318763443894688812" Dst="-1" /><file name="glyphicons-halflings-regular.eot" server="m49.siteground.biz//" local="3500763674" remote="318763443894688812" Dst="-1" /><file name="glyphicons-halflings-regular.svg" server="m49.siteground.biz//" local="3500763674" remote="318763443894688812" Dst="-1" /><file name="glyphicons-halflings-regular.ttf" server="m49.siteground.biz//" local="3500763674" remote="318763443894688812" Dst="-1" /><file name="glyphicons-halflings-regular.woff" server="m49.siteground.biz//" local="3500763674" remote="318763443894688812" Dst="-1" /></dwsync>