<?xml version="1.0" encoding="utf-8" ?><dwsync><file name="skipodz.css" server="m49.siteground.biz//public_html/skipodz/" local="3501701798" remote="318763443894605952" Dst="-1" /><file name="bootstrap.css" server="m49.siteground.biz//public_html/skipodz/" local="3500763674" remote="318763443894605952" Dst="-1" /><file name="bootstrap.min.css" server="m49.siteground.biz//public_html/skipodz/" local="3501702024" remote="318763443894605952" Dst="-1" /><file name=".DS_Store" server="m49.siteground.biz//public_html/skipodz/" local="3501729489" remote="318763443894686532" Dst="-1" /><file name=".DS_Store" server="m49.siteground.biz//" local="3501729489" remote="318763443894688752" Dst="-1" /><file name="skipodz.css" server="m49.siteground.biz//" local="3501701798" remote="318763443894688752" Dst="-1" /><file name="bootstrap.min.css" server="m49.siteground.biz//" local="3501702024" remote="318763443894688752" Dst="-1" /><file name="bootstrap.css" server="m49.siteground.biz//" local="3500763674" remote="318763443894688752" Dst="-1" /></dwsync>