<?xml version="1.0" encoding="utf-8" ?><dwsync><file name=".DS_Store" server="m49.siteground.biz//public_html/skipodz/" local="3501729489" remote="318763443894686532" Dst="-1" /><file name="2.jpg" server="m49.siteground.biz//public_html/skipodz/" local="3501685875" remote="318763443894605952" Dst="-1" /><file name="3.jpg" server="m49.siteground.biz//public_html/skipodz/" local="3501685866" remote="318763443894605952" Dst="-1" /><file name="1.jpg" server="m49.siteground.biz//public_html/skipodz/" local="3501685885" remote="318763443894605952" Dst="-1" /><file name="indiegogo.png" server="m49.siteground.biz//public_html/skipodz/" local="3501696765" remote="318763443894605952" Dst="-1" /><file name="indiegogoSmall.png" server="m49.siteground.biz//public_html/skipodz/" local="3501700687" remote="318763443894605952" Dst="-1" /><file name="profile.png" server="m49.siteground.biz//public_html/skipodz/" local="3500763674" remote="318763443894605952" Dst="-1" /><file name="SkiPodz-Logo.png" server="m49.siteground.biz//public_html/skipodz/" local="3501696765" remote="318763443894605952" Dst="-1" /><file name="promoimage2.jpg" server="m49.siteground.biz//public_html/skipodz/" local="3501521237" remote="318763443894605952" Dst="-1" /><file name="skiPodzLogo.png" server="m49.siteground.biz//public_html/skipodz/" local="3501782768" remote="318763443894686532" Dst="-1" /><file name=".DS_Store" server="m49.siteground.biz//" local="3501729489" remote="318763443894688812" Dst="-1" /><file name="2.jpg" server="m49.siteground.biz//" local="3501685875" remote="318763443894688812" Dst="-1" /><file name="1.jpg" server="m49.siteground.biz//" local="3501685885" remote="318763443894688812" Dst="-1" /><file name="3.jpg" server="m49.siteground.biz//" local="3501685866" remote="318763443894688812" Dst="-1" /><file name="indiegogo.png" server="m49.siteground.biz//" local="3501696765" remote="318763443894688812" Dst="-1" /><file name="indiegogoSmall.png" server="m49.siteground.biz//" local="3501700687" remote="318763443894688812" Dst="-1" /><file name="profile.png" server="m49.siteground.biz//" local="3500763674" remote="318763443894688812" Dst="-1" /><file name="skiPodzLogo.png" server="m49.siteground.biz//" local="3501782768" remote="318763443894688812" Dst="-1" /><file name="SkiPodz-Logo.png" server="m49.siteground.biz//" local="3501696765" remote="318763443894688812" Dst="-1" /><file name="promoimage2.jpg" server="m49.siteground.biz//" local="3501521237" remote="318763443894688812" Dst="-1" /></dwsync>