<?xml version="1.0" encoding="utf-8" ?><dwsync><file name="bordered-pulled.less" server="m49.siteground.biz//public_html/skipodz/" local="3500763674" remote="318763443894605952" Dst="-1" /><file name="core.less" server="m49.siteground.biz//public_html/skipodz/" local="3500763674" remote="318763443894605952" Dst="-1" /><file name="font-awesome.less" server="m49.siteground.biz//public_html/skipodz/" local="3500763674" remote="318763443894605952" Dst="-1" /><file name="fixed-width.less" server="m49.siteground.biz//public_html/skipodz/" local="3500763674" remote="318763443894605952" Dst="-1" /><file name="larger.less" server="m49.siteground.biz//public_html/skipodz/" local="3500763674" remote="318763443894605952" Dst="-1" /><file name="icons.less" server="m49.siteground.biz//public_html/skipodz/" local="3500763674" remote="318763443894605952" Dst="-1" /><file name="list.less" server="m49.siteground.biz//public_html/skipodz/" local="3500763674" remote="318763443894605952" Dst="-1" /><file name="mixins.less" server="m49.siteground.biz//public_html/skipodz/" local="3500763674" remote="318763443894605952" Dst="-1" /><file name="path.less" server="m49.siteground.biz//public_html/skipodz/" local="3500763674" remote="318763443894605952" Dst="-1" /><file name="rotated-flipped.less" server="m49.siteground.biz//public_html/skipodz/" local="3500763674" remote="318763443894605952" Dst="-1" /><file name="stacked.less" server="m49.siteground.biz//public_html/skipodz/" local="3500763674" remote="318763443894605952" Dst="-1" /><file name="spinning.less" server="m49.siteground.biz//public_html/skipodz/" local="3500763674" remote="318763443894605952" Dst="-1" /><file name="variables.less" server="m49.siteground.biz//public_html/skipodz/" local="3500763674" remote="318763443894605952" Dst="-1" /><file name=".DS_Store" server="m49.siteground.biz//public_html/skipodz/" local="3501729489" remote="318763443894686532" Dst="-1" /><file name=".DS_Store" server="m49.siteground.biz//" local="3501729489" remote="318763443894688752" Dst="-1" /><file name="bordered-pulled.less" server="m49.siteground.biz//" local="3500763674" remote="318763443894688752" Dst="-1" /><file name="core.less" server="m49.siteground.biz//" local="3500763674" remote="318763443894688752" Dst="-1" /><file name="fixed-width.less" server="m49.siteground.biz//" local="3500763674" remote="318763443894688752" Dst="-1" /><file name="font-awesome.less" server="m49.siteground.biz//" local="3500763674" remote="318763443894688752" Dst="-1" /><file name="icons.less" server="m49.siteground.biz//" local="3500763674" remote="318763443894688752" Dst="-1" /><file name="list.less" server="m49.siteground.biz//" local="3500763674" remote="318763443894688752" Dst="-1" /><file name="larger.less" server="m49.siteground.biz//" local="3500763674" remote="318763443894688752" Dst="-1" /><file name="mixins.less" server="m49.siteground.biz//" local="3500763674" remote="318763443894688812" Dst="-1" /><file name="path.less" server="m49.siteground.biz//" local="3500763674" remote="318763443894688812" Dst="-1" /><file name="spinning.less" server="m49.siteground.biz//" local="3500763674" remote="318763443894688812" Dst="-1" /><file name="rotated-flipped.less" server="m49.siteground.biz//" local="3500763674" remote="318763443894688812" Dst="-1" /><file name="stacked.less" server="m49.siteground.biz//" local="3500763674" remote="318763443894688812" Dst="-1" /><file name="variables.less" server="m49.siteground.biz//" local="3500763674" remote="318763443894688812" Dst="-1" /></dwsync>