<?xml version="1.0" encoding="utf-8" ?><dwsync><file name="bootstrap.min.js" server="m49.siteground.biz//public_html/skipodz/" local="3500763674" remote="318763443894605952" Dst="-1" /><file name="bootstrap.js" server="m49.siteground.biz//public_html/skipodz/" local="3500763674" remote="318763443894605952" Dst="-1" /><file name="cbpAnimatedHeader.js" server="m49.siteground.biz//public_html/skipodz/" local="3500763674" remote="318763443894605952" Dst="-1" /><file name="cbpAnimatedHeader.min.js" server="m49.siteground.biz//public_html/skipodz/" local="3500763674" remote="318763443894605952" Dst="-1" /><file name="classie.js" server="m49.siteground.biz//public_html/skipodz/" local="3500763674" remote="318763443894606012" Dst="-1" /><file name="contact_me.js" server="m49.siteground.biz//public_html/skipodz/" local="3501783986" remote="318763443894687672" Dst="-1" /><file name="jqBootstrapValidation.js" server="m49.siteground.biz//public_html/skipodz/" local="3500763674" remote="318763443894606012" Dst="-1" /><file name="skipodz.js" server="m49.siteground.biz//public_html/skipodz/" local="3500763674" remote="318763443894606012" Dst="-1" /><file name="jquery.js" server="m49.siteground.biz//public_html/skipodz/" local="3500763674" remote="318763443894606012" Dst="-1" /><file name=".DS_Store" server="m49.siteground.biz//public_html/skipodz/" local="3501729489" remote="318763443894686532" Dst="-1" /><file name=".DS_Store" server="m49.siteground.biz//" local="3501729489" remote="318763443894688812" Dst="-1" /><file name="cbpAnimatedHeader.js" server="m49.siteground.biz//" local="3500763674" remote="318763443894688812" Dst="-1" /><file name="bootstrap.min.js" server="m49.siteground.biz//" local="3500763674" remote="318763443894688812" Dst="-1" /><file name="cbpAnimatedHeader.min.js" server="m49.siteground.biz//" local="3500763674" remote="318763443894688812" Dst="-1" /><file name="bootstrap.js" server="m49.siteground.biz//" local="3500763674" remote="318763443894688812" Dst="-1" /><file name="classie.js" server="m49.siteground.biz//" local="3500763674" remote="318763443894688812" Dst="-1" /><file name="contact_me.js" server="m49.siteground.biz//" local="3501783986" remote="318763443894688812" Dst="-1" /><file name="jqBootstrapValidation.js" server="m49.siteground.biz//" local="3500763674" remote="318763443894688812" Dst="-1" /><file name="skipodz.js" server="m49.siteground.biz//" local="3500763674" remote="318763443894688812" Dst="-1" /></dwsync>