<?xml version="1.0" encoding="utf-8" ?><dwsync><file name="_bordered-pulled.scss" server="m49.siteground.biz//public_html/skipodz/" local="3500763674" remote="318763443894605952" Dst="-1" /><file name="_core.scss" server="m49.siteground.biz//public_html/skipodz/" local="3500763674" remote="318763443894605952" Dst="-1" /><file name="_fixed-width.scss" server="m49.siteground.biz//public_html/skipodz/" local="3500763674" remote="318763443894605952" Dst="-1" /><file name="_icons.scss" server="m49.siteground.biz//public_html/skipodz/" local="3500763674" remote="318763443894605952" Dst="-1" /><file name="_larger.scss" server="m49.siteground.biz//public_html/skipodz/" local="3500763674" remote="318763443894605952" Dst="-1" /><file name="_list.scss" server="m49.siteground.biz//public_html/skipodz/" local="3500763674" remote="318763443894605952" Dst="-1" /><file name="_mixins.scss" server="m49.siteground.biz//public_html/skipodz/" local="3500763674" remote="318763443894605952" Dst="-1" /><file name="_path.scss" server="m49.siteground.biz//public_html/skipodz/" local="3500763674" remote="318763443894605952" Dst="-1" /><file name="_rotated-flipped.scss" server="m49.siteground.biz//public_html/skipodz/" local="3500763674" remote="318763443894605952" Dst="-1" /><file name="_spinning.scss" server="m49.siteground.biz//public_html/skipodz/" local="3500763674" remote="318763443894605952" Dst="-1" /><file name="_stacked.scss" server="m49.siteground.biz//public_html/skipodz/" local="3500763674" remote="318763443894605952" Dst="-1" /><file name="_variables.scss" server="m49.siteground.biz//public_html/skipodz/" local="3500763674" remote="318763443894605952" Dst="-1" /><file name="font-awesome.scss" server="m49.siteground.biz//public_html/skipodz/" local="3500763674" remote="318763443894605952" Dst="-1" /><file name=".DS_Store" server="m49.siteground.biz//public_html/skipodz/" local="3501729489" remote="318763443894686532" Dst="-1" /><file name="_bordered-pulled.scss" server="m49.siteground.biz//" local="3500763674" remote="318763443894688812" Dst="-1" /><file name=".DS_Store" server="m49.siteground.biz//" local="3501729489" remote="318763443894688812" Dst="-1" /><file name="_fixed-width.scss" server="m49.siteground.biz//" local="3500763674" remote="318763443894688812" Dst="-1" /><file name="_core.scss" server="m49.siteground.biz//" local="3500763674" remote="318763443894688812" Dst="-1" /><file name="_larger.scss" server="m49.siteground.biz//" local="3500763674" remote="318763443894688812" Dst="-1" /><file name="_list.scss" server="m49.siteground.biz//" local="3500763674" remote="318763443894688812" Dst="-1" /><file name="_icons.scss" server="m49.siteground.biz//" local="3500763674" remote="318763443894688812" Dst="-1" /><file name="_path.scss" server="m49.siteground.biz//" local="3500763674" remote="318763443894688812" Dst="-1" /><file name="_mixins.scss" server="m49.siteground.biz//" local="3500763674" remote="318763443894688812" Dst="-1" /><file name="_spinning.scss" server="m49.siteground.biz//" local="3500763674" remote="318763443894688812" Dst="-1" /><file name="_rotated-flipped.scss" server="m49.siteground.biz//" local="3500763674" remote="318763443894688812" Dst="-1" /><file name="_variables.scss" server="m49.siteground.biz//" local="3500763674" remote="318763443894688812" Dst="-1" /><file name="_stacked.scss" server="m49.siteground.biz//" local="3500763674" remote="318763443894688812" Dst="-1" /><file name="font-awesome.scss" server="m49.siteground.biz//" local="3500763674" remote="318763443894688812" Dst="-1" /></dwsync>