<?xml version="1.0" encoding="utf-8" ?><dwsync><file name="BethanyImage300.png" server="m49.siteground.biz//public_html/skipodz/" local="3501702075" remote="318763443894605952" Dst="-1" /><file name="brandonImage300.png" server="m49.siteground.biz//public_html/skipodz/" local="3500928111" remote="318763443894605952" Dst="-1" /><file name="Fred300.png" server="m49.siteground.biz//public_html/skipodz/" local="3501699417" remote="318763443894605952" Dst="-1" /><file name="Jason300Bio.png" server="m49.siteground.biz//public_html/skipodz/" local="3501702098" remote="318763443894605952" Dst="-1" /><file name="LindaImage300.png" server="m49.siteground.biz//public_html/skipodz/" local="3501702084" remote="318763443894605952" Dst="-1" /><file name=".DS_Store" server="m49.siteground.biz//public_html/skipodz/" local="3501729489" remote="318763443894686532" Dst="-1" /><file name=".DS_Store" server="m49.siteground.biz//" local="3501729489" remote="318763443894688812" Dst="-1" /><file name="BethanyImage300.png" server="m49.siteground.biz//" local="3501702075" remote="318763443894688812" Dst="-1" /><file name="brandonImage300.png" server="m49.siteground.biz//" local="3500928111" remote="318763443894688812" Dst="-1" /><file name="Fred300.png" server="m49.siteground.biz//" local="3501699417" remote="318763443894688812" Dst="-1" /><file name="Jason300Bio.png" server="m49.siteground.biz//" local="3501702098" remote="318763443894688812" Dst="-1" /><file name="LindaImage300.png" server="m49.siteground.biz//" local="3501702084" remote="318763443894688812" Dst="-1" /></dwsync>